INSERT INTO `account` VALUES ('4028a7814cb405bc014cb40a0c600000','1398888888','',0,1000,'90b1e606-dfd3-11e4-90f4-000c29c5df73','',NULL,0,1,'2015-04-13 14:28:19',NULL),('4028a7814cb56163014cb56bf8410000','1396548878','',0,1000,'90b1e606-dfd3-11e4-90f4-000c29c5df73','',NULL,0,1,'2015-04-13 20:54:26',NULL),('4028a7814cb58475014cb586c5d20000','1216548878','',0,1000,'4028a7814cb56163014cb56bf8410000','',NULL,0,1,'2015-04-13 21:24:05',NULL),('4028a7814cb58e21014cb5901ace0000','1996548878','',0,1000,'4028a7814cb56163014cb56bf8410000','',NULL,0,1,'2015-04-13 21:34:17',NULL),('4028a7814cb59bf4014cb5b347750000','2006548878','wms',0,1000,'4028a7814cb56163014cb56bf8410000','',NULL,0,1,'2015-04-13 22:12:47',NULL),('90b1e606-dfd3-11e4-90f4-000c29c5df73','1382188318','',0,1000,'','manager bootstrap',NULL,0,0,'2015-04-11 15:55:19',NULL);
INSERT INTO `account_role` VALUES (1,'90b1e606-dfd3-11e4-90f4-000c29c5df73',2);
INSERT INTO `ihost` VALUES ('4028a7814cb07391014cb074d9f00000','','','','2015-04-12 21:46:30',NULL);
INSERT INTO `mac` VALUES (1,1096068950523,'6efd471a-e09e-11e4-90f4-000c29c5df73',0,1,'2015-04-11 15:59:39',NULL),(2,345052807176,'4c02166c-7d10-47e2-ac38-f43c09541ef2',0,1,'2015-04-13 14:28:19',NULL),(3,105788759461381,'04473204-a056-4b25-8702-a9a2e7ec0299',0,1,'2015-04-13 20:22:02',NULL),(4,105788769042431,'d616b157-5836-4afc-a36d-98fe6f35b801',0,1,'2015-04-13 21:58:07',NULL),(5,105788769042363,'2227b540-9079-4141-9f79-ea811bba85ab',0,1,'2015-04-13 22:12:47',NULL);
INSERT INTO `mac_account` VALUES (1,1,'90b1e606-dfd3-11e4-90f4-000c29c5df73','2015-04-12 00:03:49','2015-04-12 00:03:49'),(2,2,'4028a7814cb405bc014cb40a0c600000','2015-04-13 18:28:22','2015-04-13 18:28:22'),(3,3,'4028a7814cb405bc014cb40a0c600000','2015-04-14 00:22:29','2015-04-14 00:22:29'),(4,1,'4028a7814cb56163014cb56bf8410000','2015-04-14 00:54:57','2015-04-14 00:54:57'),(5,3,'4028a7814cb56163014cb56bf8410000','2015-04-14 01:02:30','2015-04-14 01:02:30'),(6,3,'4028a7814cb58475014cb586c5d20000','2015-04-14 01:24:13','2015-04-14 01:24:13'),(7,3,'4028a7814cb58e21014cb5901ace0000','2015-04-14 01:34:25','2015-04-14 01:34:25'),(10,4,'4028a7814cb58e21014cb5901ace0000','2015-04-14 01:58:36','2015-04-14 01:58:36'),(11,5,'4028a7814cb59bf4014cb5b347750000','2015-04-14 02:12:50','2015-04-14 02:12:50');
INSERT INTO `permission` VALUES (1,'PERM_CREATE_ACCOUNTS'),(2,'PERM_READ_ACCOUNTS'),(3,'PERM_UPDATE_ACCOUNTS'),(4,'PERM_DELETE_ACCOUNTS'),(5,'PERM_ADMIN_ACCOUNTS'),(6,'PERM_CREATE_RECEPTIONS'),(7,'PERM_READ_RECEPTIONS'),(8,'PERM_UPDATE_RECEPTIONS'),(9,'PERM_DELETE_RECEPTIONS'),(10,'PERM_ADMIN_RECEPTIONS'),(11,'PERM_CREATE_TOKEN');
INSERT INTO `role` VALUES (1,'ROLE_USER'),(2,'ROLE_MANAGER'),(3,'ROLE_SALES'),(4,'ROLE_SERVICE');
INSERT INTO `role_permission` VALUES (1,1,2),(2,2,1),(3,2,2),(4,2,3),(5,2,4),(6,2,11),(7,3,6),(8,3,7),(9,3,8),(10,3,9),(11,4,6),(12,4,7),(13,4,8),(14,4,9);
INSERT INTO `token` VALUES (1,'',850967,'90b1e606-dfd3-11e4-90f4-000c29c5df73','00-50-56-C0-00-08','2015-04-11 15:59:39',0),(2,'1398888888',964677,'90b1e606-dfd3-11e4-90f4-000c29c5df73','00-50-56-C0-00-08','2015-04-13 14:27:51',0),(3,'1398888888',423561,'90b1e606-dfd3-11e4-90f4-000c29c5df73','60-36-DD-6D-CE-05','2015-04-13 15:43:50',0),(4,'1398888888',971312,'90b1e606-dfd3-11e4-90f4-000c29c5df73','60-36-DD-6D-CE-05','2015-04-13 19:53:49',0),(5,'1398888888',801731,'90b1e606-dfd3-11e4-90f4-000c29c5df73','60-36-DD-6D-CE-05','2015-04-13 20:08:34',0),(6,'1396548878',672850,'90b1e606-dfd3-11e4-90f4-000c29c5df73','00-FF-32-CC-E9-FB','2015-04-13 20:49:20',0),(7,'1396548878',238226,'90b1e606-dfd3-11e4-90f4-000c29c5df73','60-36-DD-6D-CE-05','2015-04-13 21:00:33',0),(8,'1216548878',850952,'4028a7814cb56163014cb56bf8410000','60-36-DD-6D-CE-05','2015-04-13 21:22:54',0),(9,'1996548878',351838,'4028a7814cb56163014cb56bf8410000','60-36-DD-6D-CE-05','2015-04-13 21:33:20',0),(10,'1996548878',744917,'4028a7814cb56163014cb56bf8410000','60-36-DD-6D-CE-05','2015-04-13 21:39:14',0),(11,'1996548878',445276,'4028a7814cb56163014cb56bf8410000','60-36-DD-FF-FF-FF','2015-04-13 21:56:52',1),(12,'2006548878',760866,'4028a7814cb56163014cb56bf8410000','60-36-DD-FF-FF-BB','2015-04-13 22:12:01',0);
